package,version
Deriv,4.1.6
DiceKriging,1.6.0
Formula,1.2-5
MASS,7.3-65
Matrix,1.7-4
MatrixModels,0.5-4
PRROC,1.4
R6,2.6.1
RColorBrewer,1.1-3
Rcpp,1.1.0
RcppEigen,0.3.4.0.2
Rdpack,2.6.4
S7,0.2.0
SparseM,1.84-2
abind,1.4-8
backports,1.5.0
boot,1.3-32
broom,1.0.8
car,3.1-3
carData,3.0-5
cli,3.6.5
cowplot,1.1.3
cpp11,0.5.2
data.table,1.17.0
doBy,4.6.27
dplyr,1.1.4
fansi,1.0.6
farver,2.1.2
generics,0.1.3
ggplot2,4.0.0
glue,1.8.0
grf,2.4.0
gridExtra,2.3
gtable,0.3.6
isoband,0.2.7
labeling,0.4.3
lattice,0.22-7
lifecycle,1.0.4
lme4,1.1-37
lmtest,0.9-40
magrittr,2.0.3
mgcv,1.9-3
microbenchmark,1.5.0
minqa,1.2.8
modelr,0.1.11
nlme,3.1-168
nloptr,2.2.1
nnet,7.3-20
numDeriv,2016.8-1.1
pROC,1.18.5
patchwork,1.3.1
pbkrtest,0.5.4
pillar,1.10.2
pkgconfig,2.0.3
plyr,1.8.9
purrr,1.0.4
quantreg,6.1
rbibutils,2.3
reformulas,0.4.1
rlang,1.1.6
sandwich,3.1-1
scales,1.4.0
stringi,1.8.7
stringr,1.5.1
survival,3.8-3
tibble,3.2.1
tidyr,1.3.1
tidyselect,1.2.1
utf8,1.2.5
vctrs,0.6.5
viridisLite,0.4.2
withr,3.0.2
zoo,1.8-14
