package,version,Built,provider,shared_library_sha256
Deriv,4.1.6,R 4.5.0; ; 2025-04-06 04:42:30 UTC; unix,RSPM,
DiceKriging,1.6.0,R 4.5.0; x86_64-pc-linux-gnu; 2025-04-09 05:49:55 UTC; unix,RSPM,95786553591301fac4f50a0cb851fde158f9620bf5ac800df93e1bf6a5b503df
Formula,1.2-5,R 4.5.0; ; 2026-09-25 01:32:24 UTC; unix,RSPM,
MASS,7.3-65,R 4.5.2; aarch64-apple-darwin20; 2025-11-01 02:09:42 UTC; unix,CRAN,50695a9b9071cb94ba952e67a21fb5dd064eb276b83b0f026a952d642c02e6c7
Matrix,1.7-4,R 4.5.2; aarch64-apple-darwin20; 2025-11-01 02:09:47 UTC; unix,CRAN,300f9138785504070c43c6c78578a66301d7508e361aec72b0123af4bfc355ef
MatrixModels,0.5-4,R 4.5.0; ; 2025-04-01 11:50:57 UTC; unix,CRAN,
PRROC,1.4,R 4.5.0; ; 2025-03-31 23:24:25 UTC; unix,CRAN,
R6,2.6.1,R 4.5.0; ; 2025-02-15 01:07:20 UTC; unix,CRAN,
RColorBrewer,1.1-3,R 4.5.0; ; 2025-03-31 21:42:41 UTC; unix,CRAN,
Rcpp,1.1.0,R 4.5.0; x86_64-pc-linux-gnu; 2026-01-31 01:59:37 UTC; unix,RSPM,f319e196a4bbeaeff7db0034f85c7e981acc9e02dfa4d73db8dd70798a8c7bdc
RcppEigen,0.3.4.0.2,R 4.5.0; aarch64-apple-darwin20; 2025-03-31 21:46:11 UTC; unix,CRAN,32a1e5169db9e453ee4cf637ec7c5f42cc3decb2dd8e818a48b532380b5a4600
Rdpack,2.6.4,R 4.5.0; ; 2025-04-10 03:07:08 UTC; unix,RSPM,
S7,0.2.0,R 4.5.0; x86_64-pc-linux-gnu; 2025-04-09 05:54:01 UTC; unix,RSPM,4e88cd8149579ad3be30c423a645ca1fa6bc85e6d71ffc70144a88911435237e
SparseM,1.84-2,R 4.5.0; aarch64-apple-darwin20; 2025-03-31 21:44:27 UTC; unix,CRAN,9edeb449e312ef4d615f74c0b6358f9c8d3bb5bbfb6118799fd76fd37dc40dfb
abind,1.4-8,R 4.5.0; ; 2025-03-31 21:45:01 UTC; unix,CRAN,
backports,1.5.0,R 4.5.0; aarch64-apple-darwin20; 2025-03-31 21:47:05 UTC; unix,CRAN,a72656d706e7605dba1b1cb66e209bcf6a238c5fc8a25fc5df1ce63e68117ee8
boot,1.3-32,R 4.5.2; ; 2025-11-01 02:10:29 UTC; unix,CRAN,
broom,1.0.8,R 4.5.0; ; 2025-04-02 08:26:13 UTC; unix,CRAN,
car,3.1-3,R 4.5.0; ; 2025-04-06 04:51:24 UTC; unix,RSPM,
carData,3.0-5,R 4.5.0; ; 2025-04-06 04:41:16 UTC; unix,RSPM,
cli,3.6.5,R 4.5.0; aarch64-apple-darwin20; 2025-04-23 14:06:41 UTC; unix,CRAN,01753815e78b41884c03aeeb0372d30f0766586d36271a00d7d0f5abb96ece17
cowplot,1.1.3,R 4.5.0; ; 2025-04-06 04:47:21 UTC; unix,RSPM,
cpp11,0.5.2,R 4.5.0; ; 2025-03-31 21:45:30 UTC; unix,CRAN,
data.table,1.17.0,R 4.5.0; aarch64-apple-darwin20; 2025-03-31 21:48:28 UTC; unix,CRAN,a87c904e261297af14d757f95cfc2b889a97e03ec32a789950003dba3997be94
doBy,4.6.27,R 4.5.0; ; 2025-05-17 06:58:43 UTC; unix,RSPM,
dplyr,1.1.4,R 4.5.0; aarch64-apple-darwin20; 2025-04-01 23:28:06 UTC; unix,CRAN,e897edfba9b839fc8145864620897c9be3dcf9cf1ca37979cfd921bf05efd446
fansi,1.0.6,R 4.5.0; aarch64-apple-darwin20; 2025-03-31 21:42:20 UTC; unix,CRAN,78cb333fc0bf31fa68a4a9b22277e95c0f8d160507882e380706c7077219544f
farver,2.1.2,R 4.5.0; aarch64-apple-darwin20; 2025-03-31 21:42:31 UTC; unix,CRAN,f8fcb55e8d7782fd0f198445d3ecb0749c71713b98e1eb26dfcb73617de1952a
generics,0.1.3,R 4.5.0; ; 2025-03-31 21:40:59 UTC; unix,CRAN,
ggplot2,4.0.0,R 4.5.0; ; 2025-09-12 05:07:40 UTC; unix,RSPM,
glue,1.8.0,R 4.5.0; aarch64-apple-darwin20; 2025-03-31 21:41:36 UTC; unix,CRAN,52a4ec3683f47b033c0d181f0d4743cbfaec9be9260fb7444b49f6043c5ab84b
grf,2.4.0,R 4.5.2; aarch64-apple-darwin20; 2026-10-06 20:08:31 UTC; unix,CRAN,5fd2443b8b053fb4e67491dc5c1ce1eb66f4fc28a38d7031b3efa92c9525693d
gridExtra,2.3,R 4.5.0; ; 2026-09-24 21:31:49 UTC; unix,RSPM,
gtable,0.3.6,R 4.5.0; ; 2025-04-01 11:49:51 UTC; unix,CRAN,
isoband,0.2.7,R 4.5.0; aarch64-apple-darwin20; 2025-03-31 21:42:28 UTC; unix,CRAN,eabd365e594561304f69ba89a1424ffdbd0d7bf23588004bb0f03e5eac8d1955
labeling,0.4.3,R 4.5.0; ; 2025-03-31 21:42:34 UTC; unix,CRAN,
lattice,0.22-7,R 4.5.2; aarch64-apple-darwin20; 2025-11-01 02:09:42 UTC; unix,CRAN,81d46ed0d83efa0bf0dcb7ec278d01b5b95c47d123db924423f7d75a92ad85fc
lifecycle,1.0.4,R 4.5.0; ; 2025-04-01 06:31:31 UTC; unix,CRAN,
lme4,1.1-37,R 4.5.0; x86_64-pc-linux-gnu; 2025-08-29 05:30:41 UTC; unix,RSPM,710add2a04bc80f6b2345d888420fda61821872b246474727b8a74a501585fd9
lmtest,0.9-40,R 4.5.0; aarch64-apple-darwin20; 2025-03-31 22:03:15 UTC; unix,CRAN,d697213220016e2482781c3cd708f5c004263b2c3b9fffe92dbf44cffbc27dca
magrittr,2.0.3,R 4.5.0; aarch64-apple-darwin20; 2025-03-31 21:41:33 UTC; unix,CRAN,8bd3312f15bc4c77745552645fbb6c5489b3b3ec65187628694a4c995b946fed
mgcv,1.9-3,R 4.5.2; aarch64-apple-darwin20; 2025-11-01 02:10:16 UTC; unix,CRAN,837fb0917eca1d57cb1db729620cdfca3ce43043e4dc4a64705941826994f9e5
microbenchmark,1.5.0,R 4.5.0; aarch64-apple-darwin20; 2025-03-31 22:13:25 UTC; unix,CRAN,e1a76282f7c211ee432992a38faa21aefdc0a865e00b410f573fa2bd31803f3c
minqa,1.2.8,R 4.5.0; aarch64-apple-darwin20; 2025-03-31 21:52:42 UTC; unix,CRAN,89d119450c3dac4921d47a6f344fa05b3cb646086c1659a7594a27b09ea6984f
modelr,0.1.11,R 4.5.0; ; 2025-04-02 08:27:13 UTC; unix,CRAN,
nlme,3.1-168,R 4.5.2; aarch64-apple-darwin20; 2025-11-01 02:09:47 UTC; unix,CRAN,0ca076dd3834d3abc7b0716a6bd98bac6392c79be2dc0b282b44e22106779a19
nloptr,2.2.1,R 4.5.0; aarch64-apple-darwin20; 2025-03-31 21:53:16 UTC; unix,CRAN,f9952f582f3215b280016bd71d2ffe9685cd235769b8742c7c81d1f15ed3e637
nnet,7.3-20,R 4.5.2; aarch64-apple-darwin20; 2025-11-01 02:09:42 UTC; unix,CRAN,60ce3d662518a3751d06d68c4a729d30e438fbe83cb1f3f724f86a761a84fcc3
numDeriv,2016.8-1.1,R 4.5.0; ; 2025-03-31 21:55:04 UTC; unix,CRAN,
pROC,1.18.5,R 4.5.0; x86_64-pc-linux-gnu; 2025-07-03 14:52:45 UTC; unix,RSPM,b5311e2eae2649f6df1e6912c84ccb6cbe98b7cdac982236964633092acb4bd1
patchwork,1.3.1,R 4.5.0; ; 2025-06-22 04:49:51 UTC; unix,RSPM,
pbkrtest,0.5.4,R 4.5.0; ; 2025-04-29 12:00:18 UTC; unix,RSPM,
pillar,1.10.2,R 4.5.0; ; 2025-04-05 15:16:23 UTC; unix,CRAN,
pkgconfig,2.0.3,R 4.5.0; ; 2025-03-31 21:41:54 UTC; unix,CRAN,
plyr,1.8.9,R 4.5.0; aarch64-apple-darwin20; 2025-03-31 21:45:45 UTC; unix,CRAN,635e061c7d11236ba296d652b75b4fce016872da15427eb17ea7cfe42730a18c
purrr,1.0.4,R 4.5.0; aarch64-apple-darwin20; 2025-04-01 15:55:42 UTC; unix,CRAN,685d04ee37da8bc7a26e502388c9e2a7cb3d83924931293bf31c73af02b6bf58
quantreg,6.1,R 4.5.0; aarch64-apple-darwin20; 2025-04-01 15:55:49 UTC; unix,CRAN,158a6ac316f99297ce83ed568d20e0060215fa4f05f38b5db4fe84b5d0c5d6d3
rbibutils,2.3,R 4.5.0; x86_64-pc-linux-gnu; 2025-04-06 04:41:44 UTC; unix,RSPM,81a40a92a531fde6c39355425ce98f6786419c2d8269690adffe77ea50c814b3
reformulas,0.4.1,R 4.5.0; ; 2025-05-01 05:17:14 UTC; unix,RSPM,
rlang,1.1.6,R 4.5.0; aarch64-apple-darwin20; 2025-04-11 09:43:26 UTC; unix,CRAN,a0faac833439b592bee85b57b8c73932e37f5e787949e45ac8df97db4ef86cb7
sandwich,3.1-1,R 4.5.0; ; 2026-09-24 22:24:35 UTC; unix,RSPM,
scales,1.4.0,R 4.5.0; ; 2025-04-24 11:54:38 UTC; unix,CRAN,
stringi,1.8.7,R 4.5.0; aarch64-apple-darwin20; 2025-03-31 21:46:23 UTC; unix,CRAN,8c298dca5532d616e6d5eca099b387d99a886a586a405150aa77e54e86edef94
stringr,1.5.1,R 4.5.0; ; 2025-04-01 15:55:15 UTC; unix,CRAN,
survival,3.8-3,R 4.5.2; aarch64-apple-darwin20; 2025-11-01 02:10:16 UTC; unix,CRAN,c100a16e2cfaee4e1a3a849fa50f1ba06e71027a93529c3a5314191f787dad56
tibble,3.2.1,R 4.5.0; aarch64-apple-darwin20; 2025-04-01 20:30:34 UTC; unix,CRAN,1fc73c46f3ba83fb9325dff3411170ce7e4c29c6002c90767dcdba9a27b6a303
tidyr,1.3.1,R 4.5.0; aarch64-apple-darwin20; 2025-04-02 08:22:50 UTC; unix,CRAN,e6e8425fb52cff2e72c160874397678bb0da97f69bc326a8cf9a29f8210709f6
tidyselect,1.2.1,R 4.5.0; ; 2025-04-01 15:54:40 UTC; unix,CRAN,
utf8,1.2.5,R 4.5.0; aarch64-apple-darwin20; 2025-05-01 08:28:14 UTC; unix,CRAN,7a517b84e4265a08e5e2842616e8f3ea53aefb18df628b0ed71bc23b05655faa
vctrs,0.6.5,R 4.5.0; aarch64-apple-darwin20; 2025-04-01 11:51:16 UTC; unix,CRAN,76de9d3b3c6b898751908cd8e25989af72f7cec89e4e0195819b158ef5a36b24
viridisLite,0.4.2,R 4.5.0; ; 2025-01-21 00:20:28 UTC; unix,CRAN,
withr,3.0.2,R 4.5.0; ; 2025-03-31 21:42:13 UTC; unix,CRAN,
zoo,1.8-14,R 4.5.0; x86_64-pc-linux-gnu; 2025-04-11 19:13:49 UTC; unix,RSPM,387f9cc93c3eb2a338257fe78509cf072fec5c4befb0ce17aea3e612c6d4189f
