"scenario","n","p","learner","B","valid_B","stage1_rejection_rate","se_stage1_rejection_rate","mean_centered_auqc","se_centered_auqc","mean_estimated_incremental_value","se_estimated_incremental_value","mean_true_incremental_value_best_fixed","se_true_incremental_value_best_fixed","mean_true_incremental_value_selected_fixed","se_true_incremental_value_selected_fixed","mean_oracle_personalization_gain","se_oracle_personalization_gain","mean_learned_policy_regret","se_learned_policy_regret","positive_estimated_gain_rate","mean_treated_fraction"
"Constant benefit without HTE",500,3,"causal_forest",300,300,0.04,0.0113326119515972,0.00119491836007095,0.00139278559201541,0.000209200337204392,0.00288176284750089,-0.0140305453151689,0.00075492931699252,-0.00189721198183561,0.00085424799633761,0,0,0.0140305453151689,0.00075492931699252,0.436666666666667,0.649236367120777
"Constant benefit without HTE",500,3,"linear_interaction",300,300,0.04,0.0113326119515972,0.00120350379607536,0.00144542214584791,-0.000438189672798992,0.00273368374212181,-0.014600599258426,0.000763540140785975,-0.0024672659250927,0.000823598149516914,0,0,0.014600599258426,0.000763540140785975,0.46,0.634985018539349
"Constant benefit without HTE",500,20,"causal_forest",300,300,0.08,0.0156892908110547,0.00059338408961439,0.00134751989395011,-0.00344442570599105,0.00296923541260396,-0.0163413442653002,0.000781404157528713,-0.00140801093196684,0.000887737109842133,0,0,0.0163413442653002,0.000781404157528713,0.433333333333333,0.591466393367496
"Constant benefit without HTE",500,20,"linear_interaction",300,300,0.08,0.0156892908110547,0.00156448014670041,0.00139220704099459,-0.00276989423201067,0.00271756380123334,-0.0165925640628255,0.000803206668243265,-0.00165923072949215,0.000821193415066412,0,0,0.0165925640628255,0.000803206668243265,0.446666666666667,0.585185898429363
"Constant benefit without HTE",1000,3,"causal_forest",300,300,0.0433333333333333,0.0117748606359129,0.000674711962518848,0.00103778934434486,-0.00367787634924563,0.00177683688753925,-0.0156728205737895,0.000786966543141265,-0.00353948724045616,0.000742659386096578,0,0,0.0156728205737895,0.000786966543141265,0.416666666666667,0.608179485655263
"Constant benefit without HTE",1000,3,"linear_interaction",300,300,0.0433333333333333,0.0117748606359129,0.00038805652910545,0.000952512040584678,-0.00115931396044684,0.00178423430438991,-0.0150501069921373,0.000789014342496097,-0.00291677365880394,0.000772931189299474,0,0,0.0150501069921373,0.000789014342496097,0.433333333333333,0.623747325196568
"Constant benefit without HTE",1000,20,"causal_forest",300,300,0.04,0.0113326119515972,9.84705339038182e-05,0.00106363817829162,-0.000668987853772805,0.00202937541294357,-0.0134157620860473,0.000755977238131996,-0.00208242875271401,0.000737640127068308,0,0,0.0134157620860473,0.000755977238131996,0.443333333333333,0.664605947848816
"Constant benefit without HTE",1000,20,"linear_interaction",300,300,0.04,0.0113326119515972,-0.00041173044982728,0.0010733463710948,-0.0013810668092393,0.00194711276481642,-0.0136943444339046,0.000764105455047697,-0.00236101110057126,0.000752498231958786,0,0,0.0136943444339046,0.000764105455047697,0.423333333333333,0.657641389152385
"Constant benefit without HTE",2000,3,"causal_forest",300,300,0.0433333333333332,0.0117748606359129,0.00123806531415098,0.000715353153803895,-0.00399165794693155,0.00124460470123477,-0.0114022886561538,0.000679141135752143,-0.00420228865615383,0.000686802243010968,0,0,0.0114022886561538,0.000679141135752143,0.35,0.714942783596154
"Constant benefit without HTE",2000,3,"linear_interaction",300,300,0.0433333333333332,0.0117748606359129,0.000408888211075091,0.000683776615891831,-0.00477337410458775,0.00122044551682023,-0.0117009655652838,0.000701770129492671,-0.00450096556528377,0.000710675146987175,0,0,0.0117009655652838,0.000701770129492671,0.36,0.707475860867906
"Constant benefit without HTE",2000,20,"causal_forest",300,300,0.0666666666666667,0.014425708913821,0.000704412913091758,0.00075131152177779,-0.00486771401236261,0.00125125173594363,-0.0112947632957193,0.000703457131413049,-0.00449476329571932,0.00064244094769529,0,0,0.0112947632957193,0.000703457131413049,0.42,0.717630917607017
"Constant benefit without HTE",2000,20,"linear_interaction",300,300,0.0666666666666667,0.014425708913821,0.00096756133390032,0.00072523693579907,-0.00510666292554704,0.00123349213577884,-0.0119162052500576,0.000728631610103463,-0.00511620525005765,0.000666735567082101,0,0,0.0119162052500576,0.000728631610103463,0.37,0.702094868748559
"Strong qualitative HTE",500,3,"causal_forest",300,300,0.526666666666667,0.0288745926950896,0.0237072222950039,0.00151667679436597,0.0231835792625793,0.00295848160993995,0.0201214536633669,0.00104131187894042,0.0239554851168324,0.00100399175189822,0.0463007291240315,0.000210079388054804,0.0261792754606646,0.000989556853314938,0.66,0.472277705286839
"Strong qualitative HTE",500,3,"linear_interaction",300,300,0.526666666666667,0.0288745926950896,0.0238901524007096,0.00142258034148832,0.0196758481838029,0.00317800281074577,0.0198983953816568,0.000949001141876467,0.0237324268351222,0.00091445973687407,0.0463007291240315,0.000210079388054804,0.0264023337423748,0.000904131651478599,0.616666666666667,0.492043461234012
"Strong qualitative HTE",500,20,"causal_forest",300,300,0.323333333333333,0.0270506083913857,0.012397831882663,0.0015255865902973,0.00948120179345702,0.00270361265104132,0.00838554772759138,0.000815811690428193,0.012273149017106,0.000791220962011379,0.0460749902686429,0.000212264528789923,0.0376894425410515,0.000797187434194779,0.543333333333333,0.491119880014998
"Strong qualitative HTE",500,20,"linear_interaction",300,300,0.323333333333333,0.0270506083913857,0.0114242138826817,0.00151566250611317,0.010160109842973,0.00267559240685768,0.00541751935299417,0.000563831492227758,0.0093051206425088,0.000537337720840689,0.0460749902686429,0.000212264528789923,0.0406574709156487,0.00053289997347938,0.603333333333333,0.478621398991793
"Strong qualitative HTE",1000,3,"causal_forest",300,300,0.903333333333333,0.0170893992276092,0.0260544739637485,0.000993346826379225,0.0285009961434664,0.00235830385457907,0.0283660550516249,0.000847848337488083,0.0312211139422454,0.000853852899179508,0.0471735729778191,0.000159021718460265,0.0188075179261943,0.000828663174006282,0.766666666666667,0.513298515145766
"Strong qualitative HTE",1000,3,"linear_interaction",300,300,0.903333333333333,0.0170893992276092,0.0278819408167542,0.0010146105433576,0.0305388966779121,0.0023307635390056,0.0292224063094027,0.000776374428818643,0.0320774652000232,0.000791189158725608,0.0471735729778191,0.000159021718460265,0.0179511666684165,0.000747656696435452,0.78,0.520783570901579
"Strong qualitative HTE",1000,20,"causal_forest",300,300,0.52,0.0288926047405847,0.0190133205562544,0.0011782549659244,0.0189347708839645,0.00210161011721929,0.0185890577773271,0.000874195682119446,0.0211623470082333,0.000901346024644042,0.0469900020554221,0.000151752869051524,0.0284009442780951,0.000875881533546261,0.713333333333333,0.493462056535762
"Strong qualitative HTE",1000,20,"linear_interaction",300,300,0.52,0.0288926047405847,0.0132908362590215,0.00114384149597858,0.0126910714471321,0.00205363369246039,0.0128535707965726,0.00056598254493499,0.0154268600274788,0.000593093221329127,0.0469900020554221,0.000151752869051524,0.0341364312588496,0.000567609805121149,0.61,0.495777163093657
"Strong qualitative HTE",2000,3,"causal_forest",300,300,1,0,0.0269571931207813,0.000671759869025143,0.036000891034324,0.00174826423889467,0.0329471147074107,0.000652403464464271,0.0348520460992949,0.000658496590446452,0.0480819432666016,0.000101627916797865,0.015134828559191,0.000642758610149952,0.903333333333333,0.498490032524592
"Strong qualitative HTE",2000,3,"linear_interaction",300,300,1,0,0.0296605123879614,0.000677015070096727,0.0388389261576197,0.00164984053786677,0.0358955861613061,0.00054861683973944,0.0378005175531903,0.000559935872120565,0.0480819432666016,0.000101627916797865,0.0121863571052955,0.00054274410414256,0.93,0.495177235489181
"Strong qualitative HTE",2000,20,"causal_forest",300,300,0.916666666666667,0.015983780333266,0.0245472317689755,0.000787009029687806,0.0310039605043495,0.00172018689542583,0.0308997349824929,0.000728075807264494,0.0327391734735042,0.000736351767988901,0.047976093385542,0.000114795715285706,0.0170763584030491,0.000717549796056341,0.886666666666667,0.493706883444267
"Strong qualitative HTE",2000,20,"linear_interaction",300,300,0.916666666666667,0.015983780333266,0.0194403954902772,0.000769651360064849,0.0218859709193595,0.00171586144671181,0.0210270513827534,0.000548497566983502,0.0228664898737647,0.000551195470137915,0.047976093385542,0.000114795715285706,0.0269490420027886,0.000529461963758844,0.78,0.51118850659902
"Strong quantitative HTE",500,3,"causal_forest",300,300,0.116666666666667,0.01856522043728,0.00250173235898686,0.00147279970346034,-0.00214262560525776,0.00253496221259225,-0.0176422054857601,0.00106743876084768,-0.00386536387208735,0.00115253151046992,0,0,0.0176422054857601,0.00106743876084768,0.446666666666667,0.672663652043495
"Strong quantitative HTE",500,3,"linear_interaction",300,300,0.116666666666667,0.01856522043728,0.00408214899368723,0.00154681387931262,-0.0021497511060265,0.00265272672937325,-0.0182532454325379,0.0011029693500237,-0.00447640381886514,0.00107704762826919,0,0,0.0182532454325379,0.0011029693500237,0.43,0.666174776486273
"Strong quantitative HTE",500,20,"causal_forest",300,300,0.0566666666666667,0.0133709058129726,-0.000204921182494492,0.00147734519848969,-0.00327526747241829,0.00265162161472485,-0.0196993629979542,0.00111273565212268,-0.00366298008561276,0.00112279496247929,0,0,0.0196993629979542,0.00111273565212268,0.403333333333333,0.660763861184019
"Strong quantitative HTE",500,20,"linear_interaction",300,300,0.0566666666666667,0.0133709058129726,-0.000155657230237403,0.00152431778347214,-0.00523487190825957,0.00247835305436723,-0.0194108277256963,0.00113227072086938,-0.00337444481335478,0.00110437263602675,0,0,0.0194108277256963,0.00113227072086938,0.423333333333333,0.664880466608341
"Strong quantitative HTE",1000,3,"causal_forest",300,300,0.0833333333333333,0.015983780333266,0.00215660582666475,0.000995678982238415,-0.00582298946216506,0.0018644502459809,-0.0139512722283346,0.000979209969683486,-0.00452693729547186,0.00100565707599235,0,0,0.0139512722283346,0.000979209969683486,0.35,0.737407718543814
"Strong quantitative HTE",1000,3,"linear_interaction",300,300,0.0833333333333333,0.015983780333266,0.00272045673148949,0.00104960396649707,-0.00138600475206084,0.00171183465210293,-0.0120908542852309,0.000905409327875754,-0.00266651935236812,0.000938306074433727,0,0,0.0120908542852309,0.000905409327875754,0.436666666666667,0.760494603596197
"Strong quantitative HTE",1000,20,"causal_forest",300,300,0.0766666666666667,0.0153867519883871,-0.000294406705246248,0.00109384732608405,-0.0075112181840876,0.00184823098608222,-0.0132532243798309,0.000916130514426471,-0.00630613556350018,0.000973966591129223,0,0,0.0132532243798309,0.000916130514426471,0.363333333333333,0.76527836758785
"Strong quantitative HTE",1000,20,"linear_interaction",300,300,0.0766666666666667,0.0153867519883871,0.000819032653816837,0.00110510482841322,-0.0079674705183859,0.00176422434067652,-0.0142053652104726,0.000972794421016356,-0.00725827639414189,0.000892181379607885,0,0,0.0142053652104726,0.000972794421016356,0.39,0.748796129345054
"Strong quantitative HTE",2000,3,"causal_forest",300,300,0.243333333333333,0.0248151845723259,0.00232905262059007,0.000721614475237273,-0.00662407877984422,0.00130408372390315,-0.0106657583820833,0.000782739649136224,-0.00587700351919463,0.000892662725743286,0,0,0.0106657583820833,0.000782739649136224,0.353333333333333,0.784755555555556
"Strong quantitative HTE",2000,3,"linear_interaction",300,300,0.243333333333333,0.0248151845723259,0.00517579671110373,0.000760455588895701,-0.00433508635554383,0.00116562274049412,-0.00961925629171325,0.000782715710993023,-0.00483050142882455,0.000794675195372361,0,0,0.00961925629171325,0.000782715710993023,0.363333333333333,0.781972398204918
"Strong quantitative HTE",2000,20,"causal_forest",300,300,0.0966666666666667,0.0170893992276092,0.00243101845653397,0.000700503118201599,-0.00395578018141594,0.00138156470626478,-0.0104934207566372,0.000831564666501132,-0.0045285218298276,0.000825674454010551,0,0,0.0104934207566372,0.000831564666501132,0.39,0.809170470055904
"Strong quantitative HTE",2000,20,"linear_interaction",300,300,0.0966666666666667,0.0170893992276092,0.0029533856914192,0.00077236616803988,-0.00216580115952113,0.00144009843193494,-0.0106376619100954,0.000773218025847538,-0.00467276298328578,0.00087651286923549,0,0,0.0106376619100954,0.000773218025847538,0.386666666666667,0.80212365362237
