Scenario,n,p,Stage 1 rejection rate (SE),Causal forest true gain vs best fixed (SE),Linear interaction true gain vs best fixed (SE)
Constant benefit without HTE,500,3,0.040 (0.011),-0.014 (0.001),-0.015 (0.001)
Constant benefit without HTE,500,20,0.080 (0.016),-0.016 (0.001),-0.017 (0.001)
Constant benefit without HTE,1000,3,0.043 (0.012),-0.016 (0.001),-0.015 (0.001)
Constant benefit without HTE,1000,20,0.040 (0.011),-0.013 (0.001),-0.014 (0.001)
Constant benefit without HTE,2000,3,0.043 (0.012),-0.011 (0.001),-0.012 (0.001)
Constant benefit without HTE,2000,20,0.067 (0.014),-0.011 (0.001),-0.012 (0.001)
Strong quantitative HTE,500,3,0.117 (0.019),-0.018 (0.001),-0.018 (0.001)
Strong quantitative HTE,500,20,0.057 (0.013),-0.020 (0.001),-0.019 (0.001)
Strong quantitative HTE,1000,3,0.083 (0.016),-0.014 (0.001),-0.012 (0.001)
Strong quantitative HTE,1000,20,0.077 (0.015),-0.013 (0.001),-0.014 (0.001)
Strong quantitative HTE,2000,3,0.243 (0.025),-0.011 (0.001),-0.010 (0.001)
Strong quantitative HTE,2000,20,0.097 (0.017),-0.010 (0.001),-0.011 (0.001)
Strong qualitative HTE,500,3,0.527 (0.029),0.020 (0.001),0.020 (0.001)
Strong qualitative HTE,500,20,0.323 (0.027),0.008 (0.001),0.005 (0.001)
Strong qualitative HTE,1000,3,0.903 (0.017),0.028 (0.001),0.029 (0.001)
Strong qualitative HTE,1000,20,0.520 (0.029),0.019 (0.001),0.013 (0.001)
Strong qualitative HTE,2000,3,1.000 (0.000),0.033 (0.001),0.036 (0.001)
Strong qualitative HTE,2000,20,0.917 (0.016),0.031 (0.001),0.021 (0.001)
