"cd4_mid","rd","n_win"
170,0.257729145327278,100
187,0.221700924185988,100
200,0.189207815270489,100
212,0.141152084010058,100
220,0.191260043726278,100
229,0.12753022025334,100
235,0.173315822977714,100
242,0.164762056537729,100
250,0.208670657839373,100
260,0.113747875329053,100
269,0.087418832814698,100
276.5,0.112475763404482,100
281.5,0.163742465920327,100
291.5,0.192467586285991,100
299,0.241797164793643,100
304,0.236045444925314,100
310,0.163621637933333,100
319,0.149775907853024,100
324,0.140715568353237,100
332.5,0.120153495252781,100
340,0.178780375850007,100
347,0.135844100774006,100
352.5,0.165742518750341,100
360,0.105102160228076,100
371,0.192139723607227,100
380,0.265310761060881,100
387,0.289764736960165,100
398,0.238439959295407,100
407,0.172314775845669,100
413,0.082704443266593,100
420,0.071570925659318,100
427,0.0348726703082083,100
436.5,0.0889360499642194,100
445.5,0.0700923848708752,100
453.5,0.127653034044796,100
467,0.11144824314243,100
477,0.0847579720435472,100
490,0.00742157556206824,100
506,-0.00640141782922954,100
527.5,0.0103597679019528,100
549.5,0.0593056067004281,100
