"threshold","value","treat_fraction"
0.0779866939982993,0.88071674753997,0.949936628643853
0.090503274940207,0.875988943304445,0.899873257287706
0.0988647727497605,0.871003048183854,0.849809885931559
0.10575539765428,0.861794704823409,0.799746514575412
0.112156111058363,0.849461651869553,0.749683143219265
0.117691090836791,0.842368038328781,0.699619771863118
0.123330116031822,0.833546161934565,0.650190114068441
0.128845138579584,0.828617313839815,0.600126742712294
0.133706348399339,0.8223372181592,0.550063371356147
0.139240732885318,0.824085957714942,0.5
0.145209805738573,0.821530319194969,0.449936628643853
0.150903220479204,0.805977284922045,0.399873257287706
0.157672148557768,0.799416079924544,0.349809885931559
0.16291382345719,0.793054620422903,0.300380228136882
0.16967354338129,0.784093871692672,0.250316856780735
0.175932781219545,0.778682918492609,0.200253485424588
0.184582873804342,0.764414508964061,0.150190114068441
0.193256550523059,0.759877148080105,0.100126742712294
0.210616400175319,0.747977146967382,0.050063371356147
