"metric","value"
"horizon_days","672"
"raw_n","2139"
"analysis_n","1578"
"observed_horizon_outcomes","1441"
"early_censored_before_horizon","137"
"events_by_horizon","242"
"event_free_through_horizon","1199"
"covariate_count","16"
"ipcw_min_observed","1"
"ipcw_max_observed","1.49603436518705"
"stage1_global_chisq","36.637627801105"
"stage1_global_df","16"
"stage1_global_p","0.00235773829835764"
"stage1_reject_alpha_0_05","1"
"centered_auqc","0.00404392228093691"
"raw_auqc","0.0753308373851092"
"uplift_at_1","0.142573830208345"
"best_threshold","0.0779866939982993"
"best_threshold_treat_fraction","0.949936628643853"
"best_threshold_value","0.88071674753997"
"treat_all_value","0.885262162840204"
"treat_none_value","0.742688332631859"
"fixed_comparator","treat all"
"value_gain_vs_fixed","-0.00454541530023311"
"np_alpha_harm","0.1"
"np_feasible","0"
"np_selected_or_best_threshold","0.193256550523059"
"np_harm","0.272151898734177"
"np_benefit_capture","0.0728770595690748"
"np_treat_fraction","0.100126742712294"
"np_ppv_benefit","0.727848101265823"
"tau_hat_min","0.0409652813617485"
"tau_hat_median","0.139240732885318"
"tau_hat_max","0.262125429779793"
"tau_dr_mean","0.142573830208345"
