"q","U","U_random","U_centered"
0.05,0.00482897299780454,0.00712869151041725,-0.0022997185126127
0.1,0.0167606844231897,0.0142573830208345,0.00250330140235519
0.15,0.0214747722603505,0.0213860745312517,8.86977290987974e-05
0.2,0.0358953807874921,0.028514766041669,0.00738061474582312
0.25,0.0411247810794572,0.0356434575520862,0.00548132352737092
0.3,0.0501098020527341,0.0427721490625035,0.00733765299023057
0.35,0.0567277472926852,0.0499008405729207,0.00682690671976449
0.4,0.0632889522901869,0.057029532083338,0.00625942020684894
0.45,0.0788419865631106,0.0641582235937552,0.0146837629693554
0.5,0.0813976250830832,0.0712869151041725,0.0101107099789107
0.55,0.0795048787064479,0.0784156066145897,0.00108927209185813
0.6,0.0858475020711822,0.085544298125007,0.00030320394617521
0.65,0.0907500978529878,0.0926729896354243,-0.0019228917824364
0.7,0.0996797056969222,0.0998016811458415,-0.000121975448919232
0.75,0.106773319237695,0.106930372656259,-0.000157053418563924
0.8,0.119106372191551,0.114059064166676,0.00504730802487473
0.85,0.128314715551996,0.121187755677093,0.00712695987490232
0.9,0.133300610672586,0.12831644718751,0.00498416348507558
0.95,0.138028414908112,0.135445138697928,0.00258327621018414
1,0.142573830208345,0.142573830208345,0
