"threshold","harm","bene","treat","ppv"
0.0779866939982993,0.304202801867912,0.660963244613435,0.949936628643853,0.695797198132088
0.090503274940207,0.297183098591549,0.632446134347275,0.899873257287706,0.702816901408451
0.0988647727497605,0.293810589112603,0.600126742712294,0.849809885931559,0.706189410887398
0.10575539765428,0.293977812995246,0.564638783269962,0.799746514575412,0.706022187004754
0.112156111058363,0.296703296703297,0.527249683143219,0.749683143219265,0.703296703296703
0.117691090836791,0.296195652173913,0.492395437262357,0.699619771863118,0.703804347826087
0.123330116031822,0.295321637426901,0.458174904942966,0.650190114068441,0.7046783625731
0.128845138579584,0.296726504751848,0.422053231939163,0.600126742712294,0.703273495248152
0.133706348399339,0.29147465437788,0.389733840304183,0.550063371356147,0.70852534562212
0.139240732885318,0.287705956907478,0.356147021546261,0.5,0.712294043092522
0.145209805738573,0.283098591549296,0.32256020278834,0.449936628643853,0.716901408450704
0.150903220479204,0.288431061806656,0.284537389100127,0.399873257287706,0.711568938193344
0.157672148557768,0.282608695652174,0.250950570342205,0.349809885931559,0.717391304347826
0.16291382345719,0.284810126582278,0.214828897338403,0.300380228136882,0.715189873417722
0.16967354338129,0.288607594936709,0.178073510773131,0.250316856780735,0.711392405063291
0.175932781219545,0.281645569620253,0.143852978453739,0.200253485424588,0.718354430379747
0.184582873804342,0.30379746835443,0.104562737642586,0.150190114068441,0.69620253164557
0.193256550523059,0.272151898734177,0.0728770595690748,0.100126742712294,0.727848101265823
0.210616400175319,0.329113924050633,0.0335868187579214,0.050063371356147,0.670886075949367
